age,symptom_category,symptom_description,pain_scale,emergency_reason,ai_response
4,Sår/Skador,ont i halsen,6,,"**urgency_level:** 3  

**recommendation:** Boka tid hos barnläkare eller vårdcentral så snart som möjligt (inom 24‑48 timmar). Om barnet får svårt att svälja, andas tungt, hög feber eller svullnad i halsen, sök akut vård på närmaste akutmottagning.  

**reason:** En 4‑åring med ont i halsen och smärta 6/10 kan ha en bakteriell infektion (t.ex. streptokock) som kräver snabb undersökning och eventuell antibiotikabehandling. Det är inte en omedelbar livshotande situation, men bör inte vänta längre än några dagar.  

*Observera att detta är allmän rådgivning och inte ersätter en läkarbedömning.*"
4,Sår/Skador,väldigt ont i magen,9,extrem värk i mage,"- urgency_level: 5  
- recommendation: Ring 112 eller åk omedelbart till närmaste akutmottagning för barn.  
- reason: Mycket stark buksmärta (9/10) hos ett 4‑årigt barn kan tyda på allvarliga intra‑abdominella tillstånd som t.ex. blindtarmsinflammation eller tarmobstruktion och kräver omedelbar medicinsk bedömning."
